target,model,n,rmse,mae,bias,r2,vs_最佳物理基準,佔可達上限比例
WS_100E_int_scale_s,B0 常數（訓練集平均）,17452,8.16324520111084,6.187150478363037,-0.38590899109840393,-0.002239823341369629,-0.0,-0.2
WS_100E_int_scale_s,B2 現地線性 (y=-0.1213·U+15.9821),17452,8.163114547729492,6.1740264892578125,-0.2203790247440338,-0.0022078752517700195,0.0,-0.2
WS_100E_int_scale_s,B3 LightGBM（只用風速） [18 輪],17452,8.121067885425475,6.1460255984989045,-0.28072860305063946,0.00808997306542103,0.52,0.8
WS_100E_int_scale_s,B4 LightGBM（完整平均狀態） [122 輪],17452,8.090389596890956,6.252602634731749,-0.9260569669510952,0.015569931561386863,0.89,1.6
WS_100E_spec_slope,B0 常數（訓練集平均）,17452,0.28433889150619507,0.21746493875980377,0.009698763489723206,-0.0011647939682006836,-0.65,-0.1
WS_100E_spec_slope,B2 現地線性 (y=-0.0065·U-1.5713),17452,0.282489150762558,0.21622620522975922,0.018584391102194786,0.011818766593933105,0.0,1.4
WS_100E_spec_slope,B3 LightGBM（只用風速） [25 輪],17452,0.2832745471784339,0.2166907163932455,0.016580065481560456,0.006316237129469382,-0.28,0.8
WS_100E_spec_slope,B4 LightGBM（完整平均狀態） [72 輪],17452,0.28503019742848046,0.21950760579169915,-0.05063850887098726,-0.006039036552726973,-0.9,-0.7
