Model,Precision,Recall,F1_Score
Persistence,0.0,0.0,0.0
Ridge,0.41133004926108374,0.08775617446137678,0.14465136422693806
LightGBM Delta,0.4789915966386555,0.2995270625328429,0.3685741998060136
XGBoost Direct,0.4798418972332016,0.31897004729374673,0.3832070707070707
Optimal Stacking Ensemble,0.4817351598173516,0.3326326852338413,0.393534348772148
