horizon,pinball_mean,crps_approx
1h,0.01996,0.04587
3h,0.03228,0.07471
6h,0.04351,0.10089
