Horizon,Window_Hours,Energy_Coverage_90%,Energy_Avg_Width_MWh
10min,0.16666666666666666,0.8861564111915803,0.10613309236396232
1h,1.0,0.885724736127077,2.0130043595866534
6h,6.0,0.853064251284496,23.95924010048594
24h,24.0,0.8354352678571428,128.21246471562878
