Horizon,Shift,RMSE_MW,MAE_MW,R2,Skill_Score_%,Coverage_90%,Avg_Interval_Width_MW,Conformal_HalfWidth_MW,Winkler_Score
10min,1,0.34994979970999773,0.1341659128076637,0.9719596581594063,13.97428401963927,0.9160344561848167,0.5535574416216048,0.35551916051818966,1.5190095496243603
1h,6,0.6504851242862911,0.34052101351599584,0.903509324292676,14.89983218016957,0.9288642640273085,1.6655555591710727,1.1833342976625667,2.8145000991977747
6h,36,1.144733898822206,0.7426867485941202,0.7052765034319934,27.14485097449194,0.9250541641390069,3.1588354786713317,2.311494006039629,4.424947612784818
24h,144,1.599761345841125,1.2262267410106167,0.42078248865623435,18.730255205807655,0.9253725957201111,4.2060589303344225,3.0528111502561215,5.078457317504183
