Horizon,Interval_RMSE,Interval_R2,Interval_Coverage,Interval_Width,Interval_Winkler,Interval_Skill,Quantile_P50_RMSE,Quantile_P50_R2,Quantile_CRPS,Quantile_Sharpness,Quantile_P50_Skill,Recursive_RMSE,Recursive_R2,Direct_RMSE,Direct_R2
10min,0.4636570059999001,0.9519033844090796,0.8861564111915803,0.5407331042856502,2.139884904560656,2.0481405983208245,0.4404912478408944,0.9565894356217772,0.0807231247891138,1.5236436104318591,6.942122694484199,0.4292286513247415,0.954896412474636,0.4260845668142565,0.959382567036004
1h,0.849155571013033,0.8393506533039552,0.885724736127077,1.7040251096910384,3.818047325151846,3.652585856766843,0.817986091228189,0.8509279322154615,0.1342982550950729,1.5246082717631722,7.189156633635008,0.9351255815334992,0.7863428031841062,0.8129556849808475,0.8527558049467512
6h,1.534822338197449,0.4817291905123513,0.853064251284496,3.310168064984958,5.76396223293281,9.961768367217106,1.4423686645258609,0.542287172783706,0.2946234611562093,2.378782348009058,15.385435379465973,1.8129304558379111,0.1485837177605139,1.4325646367316598,0.5484883313024951
24h,2.263858042096284,-0.1281816300454739,0.8354352678571428,4.517426510649206,6.294820736319229,-3.956503407201706,2.17825564629082,-0.0444756988393881,0.4711461916292004,4.296330734042409,-0.0256360181073,2.2657956980924965,-0.2746971321938618,2.076407278844457,0.0509136477562358
