Horizon,Quantile,Alpha,Pinball_Loss
10min,P10,0.1,0.028924795311439627
10min,P50,0.5,0.06090213527770779
10min,P90,0.9,0.1322727186988175
1h,P10,0.1,0.06925197271118062
1h,P50,0.5,0.14784350134451682
1h,P90,0.9,0.12180163859391394
6h,P10,0.1,0.13712508806017334
6h,P50,0.5,0.319109864179942
6h,P90,0.9,0.17498031516336457
24h,P10,0.1,0.18936055880257088
24h,P50,0.5,0.5384769729402854
24h,P90,0.9,0.30244414696998073
