Horizon,P50_RMSE_MW,P50_MAE_MW,P50_R2,P50_Skill_%,CRPS_approx,Sharpness_MW,Actual_below_P10,Actual_below_P50,Actual_below_P90
10min,0.44049124784089444,0.1449257509312545,0.9565894356217771,6.9421226944841985,0.0807231247891138,1.5236436104318591,0.07445422810399625,0.33392382639503987,0.6442452977648101
1h,0.817986091228189,0.3850690358010193,0.8509279322154615,7.189156633635008,0.1342982550950729,1.5246082717631722,0.11704462326261887,0.36842930295746684,0.6329292507054028
6h,1.4423686645258609,0.9321789986649456,0.542287172783706,15.385435379465973,0.29462346115620935,2.3787823480090586,0.20864452566343555,0.4433497536945813,0.6108374384236454
24h,2.1782556462908196,1.6648233895914863,-0.04447569883938818,-0.025636018107300096,0.4711461916292004,4.296330734042409,0.24921875,0.4588169642857143,0.6539620535714286
