Horizon,Step,Recursive_RMSE,Recursive_MAE,Recursive_R2,Direct_RMSE,Direct_MAE,Direct_R2
10min,1,0.42922865132474153,0.17753124643116713,0.954896412474636,0.42608456681425655,0.16704527847754386,0.9593825670360039
1h,6,0.9351255815334991,0.4731674469298578,0.7863428031841062,0.8129556849808475,0.4406353973685872,0.8527558049467512
6h,36,1.8129304558379111,1.1477928978206884,0.14858371776051393,1.4325646367316598,1.008005634954773,0.5484883313024951
24h,144,2.2657956980924965,1.544738416292892,-0.2746971321938618,2.076407278844457,1.6627048617879474,0.05091364775623586
